{"statusCode": 200, "headers": {"Content-Type": "application/json", "Access-Control-Allow-Origin": "*"}, "body": "{\"risk_level\": \"high\", \"confidence\": 0.6997848128305906, \"top_feature\": \"blood_sugar\", \"shap_values\": {\"age\": 0.034078337252140045, \"sbp\": -0.2653750479221344, \"dbp\": -0.08607730269432068, \"blood_sugar\": -1.9714326858520508, \"body_temp\": 0.6756619215011597, \"heart_rate\": -1.2194926738739014, \"pulse_pressure\": -0.17920976877212524, \"map\": -0.27837780117988586, \"hyperglycemia_flag\": -0.14503997564315796, \"age_band\": 0.1660306751728058, \"bp_severity\": 0.0}}"}