{
  "random_forest": {
    "accuracy": 0.8154897494305239,
    "macro_f1": 0.7866070273159479,
    "high_risk_recall": 0.8657718120805369,
    "report": {
      "Low Risk": {
        "precision": 0.8762376237623762,
        "recall": 0.7937219730941704,
        "f1-score": 0.8329411764705882,
        "support": 223.0
      },
      "Mid Risk": {
        "precision": 0.5360824742268041,
        "recall": 0.7761194029850746,
        "f1-score": 0.6341463414634146,
        "support": 67.0
      },
      "High Risk": {
        "precision": 0.9214285714285714,
        "recall": 0.8657718120805369,
        "f1-score": 0.8927335640138409,
        "support": 149.0
      },
      "accuracy": 0.8154897494305239,
      "macro avg": {
        "precision": 0.7779162231392506,
        "recall": 0.8118710627199274,
        "f1-score": 0.7866070273159479,
        "support": 439.0
      },
      "weighted avg": {
        "precision": 0.8396614419477515,
        "recall": 0.8154897494305239,
        "f1-score": 0.8228951896789345,
        "support": 439.0
      }
    },
    "confusion_matrix": [
      [
        177,
        38,
        8
      ],
      [
        12,
        52,
        3
      ],
      [
        13,
        7,
        129
      ]
    ]
  },
  "svm": {
    "accuracy": 0.7266514806378133,
    "macro_f1": 0.6985641368005648,
    "high_risk_recall": 0.7718120805369127,
    "report": {
      "Low Risk": {
        "precision": 0.8210526315789474,
        "recall": 0.6995515695067265,
        "f1-score": 0.7554479418886199,
        "support": 223.0
      },
      "Mid Risk": {
        "precision": 0.41025641025641024,
        "recall": 0.7164179104477612,
        "f1-score": 0.5217391304347826,
        "support": 67.0
      },
      "High Risk": {
        "precision": 0.8712121212121212,
        "recall": 0.7718120805369127,
        "f1-score": 0.8185053380782918,
        "support": 149.0
      },
      "accuracy": 0.7266514806378133,
      "macro avg": {
        "precision": 0.700840387682493,
        "recall": 0.7292605201638002,
        "f1-score": 0.6985641368005648,
        "support": 439.0
      },
      "weighted avg": {
        "precision": 0.7753815999769722,
        "recall": 0.7266514806378133,
        "f1-score": 0.7411815675488796,
        "support": 439.0
      }
    },
    "confusion_matrix": [
      [
        156,
        56,
        11
      ],
      [
        13,
        48,
        6
      ],
      [
        21,
        13,
        115
      ]
    ]
  },
  "ann": {
    "accuracy": 0.662870159453303,
    "macro_f1": 0.6274931314540647,
    "high_risk_recall": 0.7449664429530202,
    "report": {
      "Low Risk": {
        "precision": 0.8068181818181818,
        "recall": 0.6367713004484304,
        "f1-score": 0.7117794486215538,
        "support": 223.0
      },
      "Mid Risk": {
        "precision": 0.2992125984251969,
        "recall": 0.5671641791044776,
        "f1-score": 0.3917525773195876,
        "support": 67.0
      },
      "High Risk": {
        "precision": 0.8161764705882353,
        "recall": 0.7449664429530202,
        "f1-score": 0.7789473684210526,
        "support": 149.0
      },
      "accuracy": 0.662870159453303,
      "macro avg": {
        "precision": 0.6407357502772046,
        "recall": 0.6496339741686428,
        "f1-score": 0.6274931314540647,
        "support": 439.0
      },
      "weighted avg": {
        "precision": 0.7325239014979266,
        "recall": 0.662870159453303,
        "f1-score": 0.6857343909288285,
        "support": 439.0
      }
    },
    "confusion_matrix": [
      [
        142,
        70,
        11
      ],
      [
        15,
        38,
        14
      ],
      [
        19,
        19,
        111
      ]
    ]
  },
  "xgboost": {
    "accuracy": 0.835990888382688,
    "macro_f1": 0.800899347634552,
    "high_risk_recall": 0.912751677852349,
    "report": {
      "Low Risk": {
        "precision": 0.8921568627450981,
        "recall": 0.8161434977578476,
        "f1-score": 0.8524590163934426,
        "support": 223.0
      },
      "Mid Risk": {
        "precision": 0.550561797752809,
        "recall": 0.7313432835820896,
        "f1-score": 0.6282051282051282,
        "support": 67.0
      },
      "High Risk": {
        "precision": 0.9315068493150684,
        "recall": 0.912751677852349,
        "f1-score": 0.9220338983050848,
        "support": 149.0
      },
      "accuracy": 0.835990888382688,
      "macro avg": {
        "precision": 0.791408503270992,
        "recall": 0.8200794863974288,
        "f1-score": 0.800899347634552,
        "support": 439.0
      },
      "weighted avg": {
        "precision": 0.8533784541902968,
        "recall": 0.835990888382688,
        "f1-score": 0.8418477336968997,
        "support": 439.0
      }
    },
    "confusion_matrix": [
      [
        182,
        36,
        5
      ],
      [
        13,
        49,
        5
      ],
      [
        9,
        4,
        136
      ]
    ]
  },
  "gbt": {
    "accuracy": 0.7790432801822323,
    "macro_f1": 0.7485789545035272,
    "high_risk_recall": 0.8120805369127517,
    "report": {
      "Low Risk": {
        "precision": 0.8398058252427184,
        "recall": 0.7757847533632287,
        "f1-score": 0.8065268065268065,
        "support": 223.0
      },
      "Mid Risk": {
        "precision": 0.5274725274725275,
        "recall": 0.7164179104477612,
        "f1-score": 0.6075949367088608,
        "support": 67.0
      },
      "High Risk": {
        "precision": 0.852112676056338,
        "recall": 0.8120805369127517,
        "f1-score": 0.8316151202749141,
        "support": 149.0
      },
      "accuracy": 0.7790432801822323,
      "macro avg": {
        "precision": 0.7397970095905281,
        "recall": 0.7680944002412472,
        "f1-score": 0.7485789545035272,
        "support": 439.0
      },
      "weighted avg": {
        "precision": 0.7963146858819589,
        "recall": 0.7790432801822323,
        "f1-score": 0.7846810741137442,
        "support": 439.0
      }
    },
    "confusion_matrix": [
      [
        173,
        36,
        14
      ],
      [
        12,
        48,
        7
      ],
      [
        21,
        7,
        121
      ]
    ]
  },
  "ensemble": {
    "accuracy": 0.9020501138952164,
    "macro_f1": 0.8721878137656388,
    "high_risk_recall": 0.9463087248322147,
    "report": {
      "Low Risk": {
        "precision": 0.9030837004405287,
        "recall": 0.9192825112107623,
        "f1-score": 0.9111111111111111,
        "support": 223.0
      },
      "Mid Risk": {
        "precision": 0.746268656716418,
        "recall": 0.746268656716418,
        "f1-score": 0.746268656716418,
        "support": 67.0
      },
      "High Risk": {
        "precision": 0.9724137931034482,
        "recall": 0.9463087248322147,
        "f1-score": 0.9591836734693877,
        "support": 149.0
      },
      "accuracy": 0.9020501138952164,
      "macro avg": {
        "precision": 0.8739220500867982,
        "recall": 0.8706199642531317,
        "f1-score": 0.8721878137656388,
        "support": 439.0
      },
      "weighted avg": {
        "precision": 0.9026818231677715,
        "recall": 0.9020501138952164,
        "f1-score": 0.902269123290926,
        "support": 439.0
      }
    },
    "confusion_matrix": [
      [
        205,
        17,
        1
      ],
      [
        14,
        50,
        3
      ],
      [
        8,
        0,
        141
      ]
    ]
  }
}