{
  "feature_names": [
    "age",
    "sbp",
    "dbp",
    "blood_sugar",
    "body_temp",
    "heart_rate",
    "pulse_pressure",
    "map",
    "hyperglycemia_flag",
    "age_band",
    "bp_severity"
  ],
  "data_min": [
    10.0,
    70.0,
    40.0,
    3.0,
    36.111111111111114,
    7.0,
    8.0,
    50.0,
    0.0,
    0.0,
    0.0
  ],
  "data_max": [
    70.0,
    200.0,
    140.0,
    19.0,
    39.44444444444444,
    92.0,
    100.0,
    153.33333333333334,
    1.0,
    2.0,
    2.0
  ],
  "scale": [
    0.016666666666666666,
    0.007692307692307693,
    0.01,
    0.0625,
    0.30000000000000043,
    0.011764705882352941,
    0.010869565217391304,
    0.009677419354838708,
    1.0,
    0.5,
    0.5
  ],
  "min": [
    -0.16666666666666666,
    -0.5384615384615385,
    -0.4,
    -0.1875,
    -10.83333333333335,
    -0.08235294117647059,
    -0.08695652173913043,
    -0.48387096774193544,
    0.0,
    0.0,
    0.0
  ]
}